Date,Amount,From Account,To Account,Reference Number
02/07/2021,115.50,11818.0,11111.0,CR013900-1
05/07/2021,500.00,11113.0,11111.0,CR013904-2
07/07/2021,143.44,11115.0,11111.0,CR013917-3
12/07/2021,2000.00,11113.0,11111.0,CR013953-4
13/07/2021,4849.84,11115.0,11111.0,CR013959-5
13/07/2021,1000.00,11113.0,11111.0,CR013960-6
14/07/2021,30000.00,11112.0,11111.0,CR013964-7
16/07/2021,123.99,11115.0,11111.0,CR013998-8
19/07/2021,2500.00,11113.0,11112.0,CR014006-9
30/07/2021,35000.00,11112.0,11111.0,CR014100-10
09/08/2021,222.01,11115.0,11111.0,CR014154-11
11/08/2021,329.33,11115.0,11111.0,CR014164-12
13/08/2021,6430.16,11115.0,11111.0,CR014190-13
16/08/2021,30000.00,11112.0,11111.0,CR014199-14
24/08/2021,2155.80,11115.0,11111.0,CR014254-15
24/08/2021,1188.52,11115.0,11111.0,CR014256-16
26/08/2021,4755.00,11115.0,11111.0,CR014277-17
26/08/2021,777.84,11115.0,11111.0,CR014278-18
26/08/2021,742.50,11818.0,11111.0,CR014266-19
27/08/2021,410.38,11115.0,11111.0,CR014289-20
27/08/2021,196.90,11818.0,11111.0,CR014288-21
30/08/2021,123.99,11115.0,11111.0,CR014293-22
30/08/2021,11099.00,11115.0,11111.0,CR014294-23
30/08/2021,825.00,11818.0,11111.0,CR014295-24
30/08/2021,82.50,11818.0,11111.0,CR014295-25
31/08/2021,950.76,11115.0,11111.0,CR014307-26
31/08/2021,30000.00,11112.0,11111.0,CR014308-27
06/09/2021,2000.00,11112.0,11111.0,CR014334-28
06/09/2021,248.27,11115.0,11111.0,CR014336-29
07/09/2021,259.08,11115.0,11111.0,CR014347-30
13/09/2021,377.96,11115.0,11111.0,CR014382-31
15/09/2021,30000.00,11112.0,11111.0,CR014394-32
16/09/2021,1723.50,11115.0,11111.0,CR014413-33
22/09/2021,1188.52,11115.0,11111.0,CR014439-34
22/09/2021,534.67,11115.0,11111.0,CR014440-35
23/09/2021,75.35,11115.0,11111.0,CR014457-36
28/09/2021,475.23,11115.0,11111.0,CR014480-37
29/09/2021,77.51,11115.0,11111.0,CR014492-38
29/09/2021,107.77,11115.0,11111.0,CR014493-39
30/09/2021,30000.00,11112.0,11111.0,CR014507-40
07/10/2021,637.34,11115.0,11111.0,CR014529-41
07/10/2021,123.99,11115.0,11111.0,CR014531-42
07/10/2021,226.67,11115.0,11111.0,CR014533-43
07/10/2021,1000.00,11112.0,11111.0,CR014534-44
11/10/2021,123.99,11115.0,11111.0,CR014552-45
11/10/2021,3000.00,11112.0,11111.0,CR014553-46
13/10/2021,3000.00,11112.0,11111.0,CR014567-47
15/10/2021,226.67,11115.0,11111.0,CR014594-48
15/10/2021,637.34,11115.0,11111.0,CR014596-49
15/10/2021,226.67,11115.0,11111.0,CR014598-50
15/10/2021,226.67,11115.0,11111.0,CR014600-51
15/10/2021,30000.00,11112.0,11111.0,CR014601-52
20/10/2021,5000.00,11113.0,11111.0,CR014617-53
22/10/2021,129.39,11115.0,11111.0,CR014640-54
22/10/2021,75.35,11115.0,11111.0,CR014642-55
26/10/2021,2500.00,11113.0,11111.0,CR014652-56
26/10/2021,300.00,11113.0,11111.0,CR014653-57
28/10/2021,221.25,11115.0,11111.0,CR014680-58
28/10/2021,35000.00,11112.0,11111.0,CR014682-59
08/11/2021,1000.00,11113.0,11111.0,CR014746-60
08/11/2021,1000.00,11113.0,11111.0,CR014747-61
10/11/2021,329.33,11115.0,11111.0,CR014759-62
12/11/2021,96.98,11115.0,11111.0,CR014776-63
15/11/2021,40000.00,11113.0,11111.0,CR014783-64
15/11/2021,2000.00,11113.0,11111.0,CR014784-65
17/11/2021,437.40,11115.0,11111.0,CR014794-66
17/11/2021,1000.00,11113.0,11111.0,CR014795-67
18/11/2021,14180.22,11115.0,11111.0,CR014810-68
18/11/2021,495.00,11818.0,11111.0,CR014807-69
23/11/2021,13557.71,11115.0,11111.0,CR014826-70
25/11/2021,12000.00,11112.0,11111.0,CR014838-71
25/11/2021,226.67,11115.0,11112.0,CR014855-72
26/11/2021,102.37,11115.0,11112.0,CR014865-73
29/11/2021,5000.00,11112.0,11111.0,CR014870-74
29/11/2021,1491.13,11115.0,11112.0,CR014872-75
30/11/2021,30000.00,11113.0,11111.0,CR014884-76
30/11/2021,2500.00,11112.0,11111.0,CR014885-77
02/12/2021,8800.00,11112.0,11111.0,CR014906-78
02/12/2021,226.67,11115.0,11112.0,CR014908-79
06/12/2021,5000.00,11112.0,11111.0,CR014922-80
06/12/2021,3000.00,11112.0,11111.0,CR014923-81
07/12/2021,377.96,11115.0,11112.0,CR014931-82
13/12/2021,275.29,11115.0,11112.0,CR014978-83
14/12/2021,226.67,11115.0,11112.0,CR014995-84
15/12/2021,35000.00,11113.0,11111.0,CR015013-85
17/12/2021,1000.00,11113.0,11111.0,CR015045-86
21/12/2021,2000.00,11113.0,11111.0,CR015051-87
21/12/2021,1000.00,11113.0,11111.0,CR015052-88
22/12/2021,5000.00,11112.0,11111.0,CR015054-89
24/12/2021,742.50,11818.0,11111.0,CR015091-90
29/12/2021,2000.00,11113.0,11111.0,CR015096-91
31/12/2021,35000.00,11113.0,11111.0,CR015104-92
31/12/2021,5936.04,11112.0,11111.0,CR015105-93
07/01/2022,3000.00,11113.0,11111.0,CR015136-94
14/01/2022,30000.00,11113.0,11111.0,CR015167-95
14/01/2022,385.00,11818.0,11111.0,CR015171-96
18/01/2022,350.94,11115.0,11112.0,CR015190-97
18/01/2022,1210.14,11115.0,11112.0,CR015191-98
20/01/2022,534.67,11115.0,11112.0,CR015219-99
24/01/2022,134.79,11115.0,11112.0,CR015236-100
24/01/2022,5000.00,11112.0,11111.0,CR015237-101
25/01/2022,1188.52,11115.0,11112.0,CR015248-102
31/01/2022,329.33,11115.0,11112.0,CR015289-103
31/01/2022,648.15,11115.0,11112.0,CR015290-104
31/01/2022,35000.00,11113.0,11111.0,CR015291-105
01/02/2022,226.67,11115.0,11112.0,CR015305-106
01/02/2022,178.02,11115.0,11112.0,CR015307-107
02/02/2022,1000.00,11113.0,11111.0,CR015315-108
02/02/2022,1188.52,11115.0,11112.0,CR015317-109
02/02/2022,648.15,11115.0,11112.0,CR015319-110
09/02/2022,1188.52,11115.0,11112.0,CR015362-111
09/02/2022,1000.00,11113.0,11111.0,CR015364-112
11/02/2022,21.31,11115.0,11112.0,CR015391-113
14/02/2022,172.62,11115.0,11112.0,CR015400-114
15/02/2022,35000.00,11113.0,11111.0,CR015413-115
17/02/2022,302.31,11115.0,11112.0,CR015444-116
21/02/2022,334.73,11115.0,11112.0,CR015457-117
22/02/2022,193.15,11115.0,11112.0,CR015467-118
24/02/2022,221.25,11115.0,11112.0,CR015494-119
25/02/2022,275.29,11115.0,11112.0,CR015507-120
28/02/2022,35000.00,11113.0,11111.0,CR015512-121
03/03/2022,96.98,11115.0,11112.0,CR015541-122
09/03/2022,1045.00,11818.0,11111.0,CR015564-123
09/03/2022,764.50,11818.0,11111.0,CR015564-124
10/03/2022,1048.04,11115.0,11112.0,CR015601-125
14/03/2022,30000.00,11113.0,11111.0,CR015599-126
23/03/2022,194.23,11115.0,11112.0,CR015660-127
31/03/2022,35000.00,11113.0,11111.0,CR015727-128
01/04/2022,475.23,11115.0,11112.0,CR015739-129
04/04/2022,1000.00,11113.0,11111.0,CR015744-130
07/04/2022,1000.00,11112.0,11111.0,CR015767-131
11/04/2022,151.00,11115.0,11112.0,CR015781-132
13/04/2022,7500.00,11112.0,11111.0,CR015797-133
13/04/2022,8105.32,11115.0,11112.0,CR015799-134
13/04/2022,1269.58,11115.0,11112.0,CR015801-135
14/04/2022,37000.00,11113.0,11111.0,CR015827-136
14/04/2022,7500.00,11112.0,11111.0,CR015828-137
14/04/2022,8553.84,11115.0,11112.0,CR015830-138
21/04/2022,329.33,11115.0,11112.0,CR015856-139
21/04/2022,1474.92,11115.0,11112.0,CR015857-140
22/04/2022,329.33,11115.0,11112.0,CR015871-141
27/04/2022,329.33,11115.0,11112.0,CR015891-142
02/05/2022,35000.00,11113.0,11111.0,CR015930-143
02/05/2022,123.99,11115.0,11112.0,CR015932-144
09/05/2022,2000.00,11113.0,11111.0,CR015978-145
09/05/2022,63.80,11818.0,11111.0,CR015976-146
11/05/2022,329.33,11115.0,11112.0,CR015996-147
13/05/2022,129.39,11115.0,11112.0,CR016020-148
16/05/2022,30000.00,11113.0,11111.0,CR016027-149
16/05/2022,2000.00,11113.0,11111.0,CR016028-150
18/05/2022,205.04,11115.0,11112.0,CR016043-151
25/05/2022,296.14,11115.0,11112.0,CR016109-152
31/05/2022,35000.00,11113.0,11111.0,CR016136-153
01/06/2022,172.62,11115.0,11112.0,CR016152-154
01/06/2022,129.39,11115.0,11112.0,CR016153-155
02/06/2022,323.92,11115.0,11112.0,CR016161-156
03/06/2022,123.99,11115.0,11112.0,CR016175-157
09/06/2022,9000.00,11113.0,11111.0,CR016231-158
14/06/2022,5000.00,19001.0,11111.0,CR016251-159
15/06/2022,37000.00,11113.0,11111.0,CR016258-160
15/06/2022,696.78,11115.0,11112.0,CR016260-161
16/06/2022,14989.70,11115.0,11112.0,CR016276-162
20/06/2022,1000.00,11113.0,11111.0,CR016293-163
20/06/2022,5000.00,11112.0,11111.0,CR016294-164
24/06/2022,10000.00,11113.0,11111.0,CR016324-165
24/06/2022,96.98,11115.0,11112.0,CR016339-166
24/06/2022,330.00,11818.0,11111.0,CR016337-167
27/06/2022,329.33,11115.0,11112.0,CR016345-168
27/06/2022,275.29,11115.0,11112.0,CR016346-169
27/06/2022,56.44,11115.0,11112.0,CR016347-170
28/06/2022,4500.00,19001.0,11111.0,CR016356-171
30/06/2022,35000.00,11113.0,11111.0,CR016371-172
30/06/2022,296.91,11115.0,11112.0,CR016392-173
05/07/2022,7000.00,11113.0,11111.0,CR016418-174
06/07/2022,2507.04,11115.0,11112.0,CR016426-175
13/07/2022,20.00,11112.0,11111.0,CR016458-176
13/07/2022,411.09,11115.0,11112.0,CR016461-177
13/07/2022,330.00,11818.0,11111.0,CR016455-178
14/07/2022,226.67,11115.0,11112.0,CR016476-179
15/07/2022,33000.00,11113.0,11111.0,CR016488-180
18/07/2022,1936.84,11115.0,11112.0,CR016496-181
21/07/2022,123.99,11115.0,11112.0,CR016523-182
21/07/2022,383.37,11115.0,11112.0,CR016524-183
27/07/2022,123.99,11115.0,11112.0,CR016556-184
29/07/2022,27000.00,11113.0,11111.0,CR016583-185
29/07/2022,6000.00,19001.0,11111.0,CR016584-186
10/08/2022,3231.14,11115.0,11112.0,CR016642-187
12/08/2022,242.87,11115.0,11112.0,CR016658-188
15/08/2022,28000.00,11113.0,11111.0,CR016664-189
15/08/2022,500.00,11112.0,11111.0,CR016665-190
19/08/2022,3000.00,11112.0,11111.0,CR016698-191
22/08/2022,80.30,11818.0,11111.0,CR016700-192
23/08/2022,1936.84,11115.0,11112.0,CR016706-193
24/08/2022,588.71,11115.0,11112.0,CR016717-194
30/08/2022,286.10,11115.0,11112.0,CR016756-195
31/08/2022,40000.00,11113.0,11111.0,CR016771-196
01/09/2022,134.79,11115.0,11112.0,CR016792-197
07/09/2022,1500.00,11113.0,11111.0,CR016817-198
07/09/2022,1000.00,11113.0,11111.0,CR016818-199
09/09/2022,1265.00,11818.0,11111.0,CR016846-200
12/09/2022,275.00,11112.0,11111.0,CR016858-201
13/09/2022,3000.00,11113.0,11111.0,CR016867-202
15/09/2022,25000.00,11113.0,11111.0,CR016900-203
16/09/2022,11000.00,19001.0,11111.0,CR016914-204
19/09/2022,226.67,11115.0,11112.0,CR016923-205
26/09/2022,200.00,11112.0,11111.0,CR016965-206
28/09/2022,702.20,11115.0,11112.0,CR016976-207
28/09/2022,323.92,11115.0,11112.0,CR016977-208
29/09/2022,1000.00,11113.0,11111.0,CR016990-209
30/09/2022,37000.00,11113.0,11111.0,CR017007-210
03/10/2022,1000.00,11113.0,11111.0,CR017011-211
03/10/2022,1000.00,11112.0,11111.0,CR017012-212
05/10/2022,2000.00,11113.0,11111.0,CR017023-213
07/10/2022,1000.00,11113.0,11112.0,CR017058-214
14/10/2022,39000.00,11113.0,11111.0,CR017084-215
17/10/2022,1000.00,11113.0,11111.0,CR017091-216
19/10/2022,1000.00,11113.0,11111.0,CR017111-217
24/10/2022,1000.00,11113.0,11111.0,CR017148-218
24/10/2022,148.55,11115.0,11112.0,CR017150-219
25/10/2022,792.30,11115.0,11112.0,CR017160-220
31/10/2022,55000.00,11113.0,11111.0,CR017227-221
31/10/2022,2500.00,11112.0,11111.0,CR017228-222
02/11/2022,137.74,11115.0,11112.0,CR017245-223
07/11/2022,500.00,11113.0,11111.0,CR017278-224
09/11/2022,1000.00,11113.0,11111.0,CR017296-225
09/11/2022,1274.98,11115.0,11112.0,CR017298-226
15/11/2022,33000.00,11113.0,11111.0,CR017343-227
16/11/2022,1000.00,11112.0,11111.0,CR017354-228
16/11/2022,270.00,11815.0,11111.0,CR017355-229
30/11/2022,40000.00,11113.0,11111.0,CR017445-230
30/11/2022,140.21,11115.0,11112.0,CR017447-231
02/12/2022,253.68,11115.0,11112.0,CR017475-232
06/12/2022,480.63,11115.0,11112.0,CR017497-233
06/12/2022,100.00,11113.0,11112.0,CR017498-234
12/12/2022,500.00,11113.0,11111.0,CR017540-235
12/12/2022,1161.51,11115.0,11112.0,CR017542-236
15/12/2022,36000.00,11113.0,11111.0,CR017581-237
15/12/2022,59.86,11115.0,11112.0,CR017584-238
19/12/2022,253.68,11115.0,11112.0,CR017610-239
20/12/2022,577.50,11818.0,11111.0,CR017619-240
21/12/2022,200.00,11112.0,11111.0,CR017632-241
21/12/2022,704.35,11115.0,11112.0,CR017635-242
28/12/2022,715.00,11818.0,11111.0,CR017661-243
30/12/2022,32000.00,11113.0,11111.0,CR017675-244
30/12/2022,134.63,11115.0,11112.0,CR017677-245
03/01/2023,100.00,11113.0,11111.0,tfr-246
03/01/2023,800.00,11113.0,11111.0,tfr-247
05/01/2023,397.46,11115.0,11112.0,CR017699-248
06/01/2023,332.90,11115.0,11112.0,CR017708-249
09/01/2023,1000.00,11112.0,11111.0,CR017712-250
09/01/2023,4000.00,11113.0,11111.0,CR017713-251
09/01/2023,12212.17,11115.0,11112.0,CR017715-252
10/01/2023,4000.00,11112.0,11111.0,CR017720-253
11/01/2023,80.76,11115.0,11112.0,CR017733-254
11/01/2023,648.15,11115.0,11112.0,CR017734-255
12/01/2023,825.00,11818.0,11111.0,CR017738-256
16/01/2023,39000.00,11113.0,11111.0,CR017769-257
17/01/2023,648.15,11115.0,11112.0,CR017777-258
19/01/2023,475.23,11115.0,11112.0,CR017794-259
19/01/2023,660.00,11818.0,11111.0,CR017780-260
19/01/2023,165.00,11818.0,11111.0,CR017792-261
25/01/2023,907.50,11818.0,11111.0,CR017831-262
27/01/2023,3000.00,11112.0,11111.0,CR017851-263
27/01/2023,215.85,11115.0,11112.0,CR017853-264
31/01/2023,30000.00,11113.0,11111.0,CR017867-265
31/01/2023,9000.00,11113.0,11111.0,CR017868-266
01/02/2023,1000.00,11113.0,11111.0,CR017878-267
01/02/2023,500.00,11112.0,11111.0,CR017879-268
09/02/2023,102.37,11115.0,11112.0,CR017942-269
09/02/2023,151.00,11115.0,11112.0,CR017944-270
15/02/2023,30000.00,11113.0,11111.0,CR017978-271
15/02/2023,5000.00,11113.0,11111.0,CR017979-272
16/02/2023,200.00,11112.0,11111.0,CR017997-273
16/02/2023,367.15,11115.0,11112.0,CR017999-274
22/02/2023,151.00,11115.0,11112.0,CR018038-275
27/02/2023,2155.80,11115.0,11112.0,CR018066-276
28/02/2023,40000.00,11113.0,11111.0,CR018082-277
28/02/2023,340.14,11115.0,11112.0,CR018084-278
01/03/2023,2500.00,11112.0,11111.0,CR018097-279
01/03/2023,1000.00,11113.0,11111.0,CR018098-280
06/03/2023,1918.03,11115.0,11112.0,CR018136-281
06/03/2023,648.15,11115.0,11112.0,CR018137-282
07/03/2023,1653.26,11115.0,11112.0,CR018146-283
08/03/2023,1269.58,11115.0,11112.0,CR018160-284
09/03/2023,11806.89,11115.0,11112.0,CR018179-285
10/03/2023,8000.00,11112.0,11111.0,CR018188-286
10/03/2023,1269.58,11115.0,11112.0,CR018190-287
15/03/2023,35000.00,11113.0,11111.0,CR018210-288
17/03/2023,367.15,11115.0,11112.0,CR018233-289
21/03/2023,729.21,11115.0,11112.0,CR018246-290
22/03/2023,14000.00,11112.0,11111.0,CR018255-291
22/03/2023,14368.27,11115.0,11112.0,CR018258-292
22/03/2023,253.68,11115.0,11112.0,CR018259-293
22/03/2023,-25.00,11115.0,11112.0,CR018259-294
23/03/2023,102.37,11115.0,11112.0,CR018277-295
24/03/2023,1000.00,11113.0,11111.0,CR018285-296
27/03/2023,253.68,11115.0,11112.0,CR018292-297
29/03/2023,648.15,11115.0,11112.0,CR018305-298
29/03/2023,75.35,11115.0,11112.0,CR018306-299
30/03/2023,2500.00,11112.0,11111.0,CR018320-300
31/03/2023,39000.00,11113.0,11111.0,CR018342-301
04/04/2023,1161.51,11115.0,11112.0,CR018359-302
04/04/2023,934.55,11115.0,11112.0,CR018360-303
06/04/2023,1655.27,11115.0,11112.0,CR018387-304
11/04/2023,121.29,11115.0,11112.0,CR018393-305
14/04/2023,32000.00,11113.0,11111.0,CR018428-306
14/04/2023,2000.00,11112.0,11111.0,CR018429-307
17/04/2023,1000.00,11113.0,11111.0,CR018442-308
27/04/2023,253.68,11115.0,11112.0,CR018507-309
01/05/2023,39500.00,11113.0,11111.0,CR018518-310
01/05/2023,983.18,11115.0,11112.0,CR018520-311
02/05/2023,367.15,11115.0,11112.0,CR018527-312
05/05/2023,329.33,11115.0,11112.0,CR018558-313
08/05/2023,1500.00,11113.0,11111.0,CR018563-314
08/05/2023,594.11,11115.0,11112.0,CR018565-315
09/05/2023,367.15,11115.0,11112.0,CR018573-316
15/05/2023,35000.00,11113.0,11111.0,CR018623-317
15/05/2023,367.15,11115.0,11112.0,CR018626-318
17/05/2023,500.00,11112.0,11111.0,CR018646-319
19/05/2023,188.83,11115.0,11112.0,CR018673-320
24/05/2023,1500.00,11113.0,11111.0,CR018692-321
24/05/2023,151.00,11115.0,11112.0,CR018694-322
26/05/2023,1269.58,11115.0,11112.0,CR018716-323
29/05/2023,140.21,11115.0,11112.0,CR018724-324
30/05/2023,11000.00,11112.0,11111.0,CR018736-325
30/05/2023,5000.00,11112.0,11111.0,CR018737-326
31/05/2023,40000.00,11113.0,11111.0,CR018752-327
31/05/2023,377.96,11115.0,11112.0,CR018758-328
31/05/2023,15.91,11115.0,11112.0,CR018759-329
02/06/2023,3500.00,11113.0,11112.0,CR018777-330
05/06/2023,300.00,11112.0,11111.0,CR018788-331
07/06/2023,1500.00,11113.0,11111.0,CR018803-332
07/06/2023,1500.00,11113.0,11111.0,CR018804-333
07/06/2023,820.32,11115.0,11112.0,CR018828-334
14/06/2023,199.64,11115.0,11112.0,CR018848-335
15/06/2023,29000.00,11113.0,11111.0,CR018851-336
15/06/2023,226.67,11115.0,11112.0,CR018869-337
16/06/2023,648.15,11115.0,11112.0,CR018881-338
16/06/2023,715.00,11818.0,11111.0,CR018876-339
20/06/2023,253.24,11115.0,11112.0,CR018893-340
23/06/2023,102.37,11115.0,11112.0,CR018935-341
23/06/2023,935.00,11818.0,11111.0,CR018930-342
26/06/2023,500.00,11113.0,11111.0,CR018939-343
26/06/2023,17070.15,11115.0,11112.0,CR018941-344
26/06/2023,8000.00,11113.0,11112.0,CR018942-345
27/06/2023,4000.00,11113.0,11111.0,CR018951-346
28/06/2023,253.68,11115.0,11112.0,CR018968-347
30/06/2023,40000.00,11113.0,11111.0,CR019009-348
30/06/2023,648.15,11115.0,11112.0,CR019011-349
04/07/2023,253.68,11115.0,11112.0,CR019023-350
05/07/2023,1500.00,11113.0,11111.0,CR019031-351
10/07/2023,2500.00,11113.0,11111.0,CR019058-352
10/07/2023,129.39,11115.0,11112.0,CR019060-353
11/07/2023,350.94,11115.0,11112.0,CR019073-354
13/07/2023,653.55,11115.0,11112.0,CR019096-355
13/07/2023,367.15,11115.0,11112.0,CR019097-356
14/07/2023,500.00,11112.0,11111.0,CR019101-357
17/07/2023,35000.00,11113.0,11111.0,CR019107-358
17/07/2023,1000.00,11112.0,11111.0,CR019108-359
21/07/2023,594.11,11115.0,11112.0,CR019153-360
24/07/2023,1500.00,11113.0,11111.0,CR019162-361
25/07/2023,253.67,11115.0,11112.0,CR019176-362
28/07/2023,1161.50,11115.0,11112.0,CR019219-363
31/07/2023,41000.00,11113.0,11111.0,CR019227-364
31/07/2023,393.00,11112.0,11111.0,CR019228-365
31/07/2023,2000.00,11112.0,11111.0,CR019229-366
02/08/2023,302.31,11115.0,11112.0,CR019249-367
08/08/2023,194.24,11115.0,11112.0,CR019292-368
09/08/2023,500.00,11113.0,11111.0,CR019309-369
15/08/2023,36000.00,11113.0,11111.0,CR019351-370
15/08/2023,500.00,11113.0,11111.0,CR019352-371
15/08/2023,140.19,11115.0,11112.0,CR019354-372
24/08/2023,500.00,11113.0,11111.0,CR019432-373
25/08/2023,140.19,11115.0,11112.0,CR019443-374
28/08/2023,500.00,11113.0,11111.0,CR019451-375
30/08/2023,253.67,11115.0,11112.0,CR019474-376
31/08/2023,41800.00,11113.0,11111.0,CR019497-377
31/08/2023,367.16,11115.0,11112.0,CR019499-378
04/09/2023,1000.00,11113.0,11111.0,CR019512-379
04/09/2023,300.00,11112.0,11111.0,CR019513-380
06/09/2023,253.67,11115.0,11112.0,CR019526-381
07/09/2023,500.00,11113.0,11111.0,CR019542-382
08/09/2023,253.67,11115.0,11112.0,CR019557-383
12/09/2023,4000.00,11113.0,11111.0,CR019564-384
15/09/2023,39000.00,11113.0,11111.0,CR019620-385
15/09/2023,500.00,11113.0,11111.0,CR019621-386
22/09/2023,11000.00,11112.0,11111.0,CR019671-387
22/09/2023,1000.00,11113.0,11111.0,CR019672-388
26/09/2023,102.37,11115.0,11112.0,CR019684-389
27/09/2023,1058.84,11115.0,11112.0,CR019696-390
29/09/2023,43000.00,11113.0,11111.0,CR019721-391
29/09/2023,253.67,11115.0,11112.0,CR019723-392
29/09/2023,172.62,11115.0,11112.0,CR019725-393
29/09/2023,329.33,11115.0,11112.0,CR019727-394
29/09/2023,140.19,11115.0,11112.0,CR019729-395
02/10/2023,700.00,11112.0,11111.0,CR019733-396
05/10/2023,1377.65,11115.0,11112.0,CR019754-397
09/10/2023,2500.00,11113.0,11111.0,CR019771-398
10/10/2023,367.16,11115.0,11112.0,CR019775-399
11/10/2023,1480.47,11115.0,11112.0,CR019779-400
11/10/2023,659.98,11115.0,11112.0,CR019781-401
13/10/2023,2155.79,11115.0,11112.0,CR019808-402
16/10/2023,30500.00,11113.0,11111.0,CR019815-403
16/10/2023,4500.00,11112.0,11111.0,CR019816-404
17/10/2023,636.30,11115.0,11112.0,CR019843-405
18/10/2023,205.04,11115.0,11112.0,CR019826-406
18/10/2023,1500.00,11112.0,11111.0,CR019827-407
19/10/2023,1377.65,11115.0,11112.0,CR019839-408
20/10/2023,1000.00,11112.0,11111.0,CR019853-409
23/10/2023,500.00,11112.0,11111.0,CR019854-410
24/10/2023,2000.00,11112.0,11111.0,CR019861-411
24/10/2023,1377.65,11115.0,11112.0,CR019863-412
24/10/2023,1377.65,11115.0,11112.0,CR019865-413
25/10/2023,226.65,11115.0,11112.0,CR019874-414
26/10/2023,648.15,11115.0,11112.0,CR019888-415
26/10/2023,323.93,11115.0,11112.0,CR019890-416
30/10/2023,500.00,11112.0,11111.0,CR019911-417
30/10/2023,318.52,11115.0,11112.0,CR019914-418
31/10/2023,46000.00,11113.0,11111.0,CR019925-419
31/10/2023,88.32,11115.0,11112.0,CR019927-420
01/11/2023,800.00,11112.0,11111.0,CR019935-421
02/11/2023,1526.40,11815.0,11111.0,CR019970-422
03/11/2023,367.16,11115.0,11112.0,CR019965-423
03/11/2023,367.16,11115.0,11112.0,CR019967-424
03/11/2023,172.62,11115.0,11112.0,CR019969-425
06/11/2023,1500.00,11113.0,11111.0,CR019977-426
06/11/2023,2000.00,11113.0,11111.0,CR019978-427
06/11/2023,140.19,11115.0,11112.0,CR019980-428
07/11/2023,3000.00,11113.0,11111.0,CR019983-429
07/11/2023,1000.00,11112.0,11111.0,CR019984-430
08/11/2023,1000.00,11113.0,11111.0,CR019992-431
08/11/2023,253.67,11115.0,11112.0,CR019994-432
09/11/2023,689.36,11115.0,11112.0,CR020019-433
13/11/2023,500.00,11112.0,11111.0,CR020044-434
13/11/2023,1377.65,11115.0,11112.0,CR020046-435
14/11/2023,54000.00,11113.0,11111.0,CR020055-436
16/11/2023,1000.00,11112.0,11111.0,CR020073-437
20/11/2023,1017.50,11818.0,11111.0,CR020087-438
20/11/2023,1017.50,11818.0,11111.0,CR020088-439
20/11/2023,-1017.50,11818.0,11111.0,CR020088-440
23/11/2023,1161.50,11115.0,11112.0,CR020109-441
27/11/2023,140.19,11115.0,11112.0,CR020122-442
30/11/2023,45000.00,11113.0,11111.0,CR020150-443
30/11/2023,750.82,11115.0,11112.0,CR020152-444
04/12/2023,500.00,11113.0,11111.0,CR020175-445
04/12/2023,69.95,11115.0,11112.0,CR020177-446
06/12/2023,700.00,11113.0,11111.0,CR020189-447
06/12/2023,253.67,11115.0,11112.0,CR020191-448
07/12/2023,2000.00,11113.0,11111.0,CR020219-449
08/12/2023,540.08,11115.0,11112.0,CR020232-450
15/12/2023,39000.00,11113.0,11111.0,CR020292-451
18/12/2023,200.00,11112.0,11111.0,CR020300-452
22/12/2023,737.00,11818.0,11111.0,CR020332-453
27/12/2023,291.50,11115.0,11112.0,CR020342-454
27/12/2023,367.16,11115.0,11112.0,CR020343-455
28/12/2023,2155.79,11115.0,11112.0,CR020346-456
29/12/2023,26000.00,11113.0,11111.0,CR020348-457
29/12/2023,3000.00,11112.0,11111.0,CR020349-458
29/12/2023,1377.65,11115.0,11112.0,CR020375-459
02/01/2024,440.00,11818.0,11111.0,CR020362-460
04/01/2024,440.00,11818.0,11111.0,CR020380-461
08/01/2024,9186.08,11115.0,11112.0,CR020396-462
08/01/2024,102.37,11115.0,11112.0,CR020397-463
10/01/2024,253.67,11115.0,11112.0,CR020416-464
11/01/2024,1377.65,11115.0,11112.0,CR020439-465
12/01/2024,1377.65,11115.0,11112.0,CR020455-466
12/01/2024,1127.50,11818.0,11111.0,CR020422-467
15/01/2024,38500.00,11113.0,11111.0,CR020456-468
17/01/2024,134.79,11115.0,11112.0,CR020484-469
17/01/2024,134.79,11115.0,11112.0,CR020485-470
17/01/2024,194.24,11115.0,11112.0,CR020486-471
18/01/2024,1377.65,11115.0,11112.0,CR020498-472
19/01/2024,556.28,11115.0,11112.0,CR020510-473
23/01/2024,140.19,11115.0,11112.0,CR020526-474
25/01/2024,825.00,11818.0,11111.0,CR020542-475
29/01/2024,5000.00,11113.0,11111.0,CR020557-476
31/01/2024,45000.00,11113.0,11111.0,CR020563-477
01/02/2024,1000.00,11112.0,11111.0,CR020596-478
05/02/2024,5000.00,11112.0,11111.0,CR020603-479
05/02/2024,1000.00,11112.0,11111.0,CR020604-480
05/02/2024,100.00,11112.0,11111.0,CR020605-481
05/02/2024,367.16,11115.0,11112.0,CR020607-482
05/02/2024,432.00,11115.0,11112.0,CR020609-483
05/02/2024,2312.51,11115.0,11112.0,CR020611-484
07/02/2024,2000.00,11113.0,11111.0,CR020621-485
08/02/2024,567.09,11115.0,11112.0,CR020651-486
15/02/2024,40000.00,11113.0,11111.0,CR020713-487
16/02/2024,5000.00,11112.0,11111.0,CR020724-488
19/02/2024,100.00,11112.0,11111.0,CR020728-489
19/02/2024,75.00,11113.0,11111.0,CR020729-490
21/02/2024,3000.00,11113.0,11111.0,CR020740-491
22/02/2024,119.99,11115.0,11112.0,CR020760-492
23/02/2024,1907.22,11115.0,11112.0,CR020776-493
27/02/2024,367.16,11115.0,11112.0,CR020799-494
28/02/2024,151.01,11115.0,11112.0,CR020820-495
28/02/2024,302.31,11115.0,11112.0,CR020821-496
28/02/2024,367.16,11115.0,11112.0,CR020822-497
29/02/2024,44500.00,11113.0,11111.0,CR020851-498
05/03/2024,459.02,11115.0,11112.0,CR020876-499
07/03/2024,3000.00,11113.0,11111.0,CR020899-500
14/03/2024,40000.00,11113.0,11111.0,CR020949-501
14/03/2024,388.77,11115.0,11112.0,CR020951-502
22/03/2024,367.16,11115.0,11112.0,CR020997-503
22/03/2024,377.96,11115.0,11112.0,CR020999-504
22/03/2024,302.31,11115.0,11112.0,CR021001-505
22/03/2024,1377.65,11115.0,11112.0,CR021003-506
25/03/2024,143.00,11818.0,11111.0,CR021006-507
25/03/2024,334.73,11115.0,11112.0,CR021010-508
26/03/2024,649.00,11818.0,11111.0,CR021011-509
26/03/2024,676.50,11818.0,11111.0,CR021011-510
26/03/2024,1377.65,11115.0,11112.0,CR021025-511
28/03/2024,198.00,11818.0,11111.0,CR021042-512
28/03/2024,770.00,11818.0,11111.0,CR021043-513
28/03/2024,577.50,11818.0,11111.0,CR021043-514
28/03/2024,852.50,11818.0,11111.0,CR021043-515
28/03/2024,852.50,11818.0,11111.0,CR021043-516
28/03/2024,605.00,11818.0,11111.0,CR021043-517
28/03/2024,6000.00,11112.0,11111.0,CR021063-518
02/04/2024,45000.00,11113.0,11111.0,tfr-519
02/04/2024,1800.00,11112.0,11111.0,tfr-520
04/04/2024,1627.05,11115.0,11112.0,tfr-521
04/04/2024,1378.35,11115.0,11112.0,CR021088-522
04/04/2024,188.92,11115.0,11112.0,CR021090-523
04/04/2024,207.18,11115.0,11112.0,CR021092-524
05/04/2024,1378.35,11115.0,11112.0,CR021109-525
07/04/2024,440.00,11818.0,11111.0,CR021097-526
07/04/2024,180.00,11818.0,11111.0,CR021097-527
08/04/2024,2000.00,11113.0,11111.0,CR021121-528
08/04/2024,4000.00,11112.0,11111.0,CR021122-529
09/04/2024,432.22,11115.0,11112.0,tfr-530
10/04/2024,1000.00,11113.0,11111.0,CR021134-531
12/04/2024,1000.00,11112.0,11111.0,CR021166-532
12/04/2024,140.27,11115.0,11112.0,CR021168-533
15/04/2024,42000.00,11113.0,11111.0,CR021180-534
16/04/2024,632.50,11818.0,11111.0,CR021181-535
17/04/2024,367.34,11115.0,11112.0,CR021205-536
18/04/2024,632.50,11818.0,11111.0,CR021206-537
19/04/2024,188.92,11115.0,11112.0,CR021231-538
22/04/2024,1500.00,11112.0,11111.0,CR021234-539
24/04/2024,792.00,11818.0,11111.0,CR021242-540
24/04/2024,137.54,11115.0,11112.0,CR021260-541
30/04/2024,41000.00,11113.0,11111.0,CR021294-542
01/05/2024,367.34,11115.0,11112.0,CR021304-543
02/05/2024,129.46,11115.0,11112.0,CR021316-544
02/05/2024,140.27,11115.0,11112.0,CR021318-545
05/05/2024,852.50,11818.0,11111.0,CR021322-546
05/05/2024,-15.60,11818.0,11111.0,CR021322-547
06/05/2024,357.50,11818.0,11111.0,CR021323-548
06/05/2024,605.00,11818.0,11111.0,CR021323-549
06/05/2024,1276.00,11818.0,11111.0,CR021323-550
06/05/2024,-23.22,11818.0,11111.0,CR021323-551
06/05/2024,-6.69,11818.0,11111.0,CR021323-552
06/05/2024,-11.14,11818.0,11111.0,CR021323-553
07/05/2024,1500.00,11113.0,11111.0,CR021343-554
09/05/2024,198.00,11818.0,11111.0,CR021350-555
09/05/2024,-3.81,11818.0,11111.0,CR021350-556
09/05/2024,852.50,11818.0,11111.0,CR021354-557
09/05/2024,-15.60,11818.0,11111.0,CR021354-558
09/05/2024,253.80,11115.0,11112.0,CR021375-559
13/05/2024,3000.00,11112.0,11111.0,CR021407-560
15/05/2024,258.50,11818.0,11111.0,CR021415-561
15/05/2024,-4.90,11818.0,11111.0,CR021415-562
15/05/2024,40000.00,11113.0,11111.0,CR021421-563
15/05/2024,929.62,11115.0,11112.0,CR021423-564
15/05/2024,1378.35,11115.0,11112.0,CR021425-565
16/05/2024,3500.00,11113.0,11111.0,CR021436-566
16/05/2024,0.41,11115.0,11112.0,CR021438-567
17/05/2024,416.00,11115.0,11112.0,CR021451-568
20/05/2024,594.42,11115.0,11112.0,CR021456-569
20/05/2024,151.08,11115.0,11112.0,CR021458-570
22/05/2024,198.00,11818.0,11111.0,CR021466-571
22/05/2024,-3.81,11818.0,11111.0,CR021466-572
27/05/2024,687.50,11818.0,11111.0,CR021491-573
27/05/2024,-12.63,11818.0,11111.0,CR021491-574
31/05/2024,44500.00,11113.0,11111.0,CR021543-575
03/06/2024,14000.00,11113.0,11111.0,CR021554-576
05/06/2024,1500.00,11113.0,11111.0,CR021570-577
05/06/2024,253.80,11115.0,11112.0,CR021572-578
05/06/2024,1378.35,11115.0,11112.0,CR021574-579
06/06/2024,253.80,11115.0,11112.0,CR021586-580
07/06/2024,10000.00,11113.0,11111.0,CR021599-581
07/06/2024,1000.00,11113.0,11111.0,CR021600-582
07/06/2024,1378.35,11115.0,11112.0,CR021602-583
10/06/2024,14000.00,11113.0,11111.0,CR021611-584
11/06/2024,1000.00,11113.0,11111.0,CR021620-585
11/06/2024,194.34,11115.0,11112.0,CR021622-586
11/06/2024,388.97,11115.0,11112.0,CR021624-587
12/06/2024,500.00,11113.0,11111.0,CR021635-588
13/06/2024,2189.33,11115.0,11112.0,CR021649-589
14/06/2024,36000.00,11113.0,11111.0,CR021662-590
17/06/2024,2000.00,11113.0,11111.0,CR021670-591
17/06/2024,3500.00,11113.0,11111.0,CR021671-592
19/06/2024,702.55,11115.0,11112.0,CR021692-593
20/06/2024,198.00,11818.0,11111.0,CR021695-594
20/06/2024,-3.81,11818.0,11111.0,CR021695-595
21/06/2024,253.80,11115.0,11112.0,CR021717-596
24/06/2024,702.55,11115.0,11112.0,CR021724-597
26/06/2024,2151.49,11115.0,11112.0,CR021753-598
27/06/2024,7000.00,11112.0,11111.0,CR021775-599
01/07/2024,45000.00,11113.0,11111.0,CR021802-600
03/07/2024,225.50,11818.0,11111.0,CR021813-601
03/07/2024,225.50,11818.0,11111.0,CR021813-602
03/07/2024,-4.31,11818.0,11111.0,CR021813-603
03/07/2024,-4.31,11818.0,11111.0,CR021813-604
03/07/2024,118.65,11115.0,11112.0,CR021820-605
04/07/2024,9500.00,11113.0,11111.0,CR021833-606
08/07/2024,2000.00,11113.0,11111.0,CR021850-607
08/07/2024,1378.35,11115.0,11112.0,CR021852-608
08/07/2024,367.34,11115.0,11112.0,CR021854-609
09/07/2024,140.27,11115.0,11112.0,CR021864-610
15/07/2024,37000.00,11113.0,11111.0,CR021899-611
15/07/2024,724.17,11115.0,11112.0,CR021901-612
16/07/2024,2500.00,11113.0,11111.0,CR021911-613
17/07/2024,2500.00,11112.0,11111.0,CR021920-614
17/07/2024,1378.35,11115.0,11112.0,CR021922-615
22/07/2024,140.27,11115.0,11112.0,CR021960-616
24/07/2024,91.61,11115.0,11112.0,CR021991-617
25/07/2024,100.00,11112.0,11111.0,CR022004-618
29/07/2024,5500.00,11113.0,11111.0,CR022021-619
29/07/2024,643.07,11115.0,11112.0,CR022024-620
30/07/2024,852.50,11818.0,11111.0,CR022022-621
30/07/2024,-15.60,11818.0,11111.0,CR022022-622
31/07/2024,42000.00,11113.0,11111.0,CR022047-623
31/07/2024,500.00,11113.0,11111.0,CR022048-624
31/07/2024,20.00,11113.0,11111.0,CR022049-625
07/08/2024,8000.00,11113.0,11111.0,CR022096-626
09/08/2024,140.27,11115.0,11112.0,CR022133-627
12/08/2024,367.34,11115.0,11112.0,CR022135-628
14/08/2024,253.80,11115.0,11112.0,CR022146-629
15/08/2024,484.00,11818.0,11111.0,CR022147-630
15/08/2024,-8.96,11818.0,11111.0,CR022147-631
15/08/2024,36500.00,11113.0,11111.0,CR022177-632
16/08/2024,500.00,11113.0,11111.0,CR022187-633
16/08/2024,367.34,11115.0,11112.0,CR022189-634
20/08/2024,578.19,11115.0,11112.0,CR022197-635
22/08/2024,502.50,11115.0,11112.0,CR022216-636
23/08/2024,2000.00,11113.0,11111.0,CR022232-637
25/08/2024,880.00,11818.0,11111.0,CR022218-638
25/08/2024,440.00,11818.0,11111.0,CR022218-639
25/08/2024,-8.17,11818.0,11111.0,CR022218-640
25/08/2024,-16.09,11818.0,11111.0,CR022218-641
29/08/2024,500.00,11113.0,11111.0,CR022259-642
29/08/2024,1778.44,11115.0,11112.0,CR022261-643
30/08/2024,45000.00,11113.0,11111.0,CR022280-644
03/09/2024,453.85,11115.0,11112.0,CR022291-645
04/09/2024,3000.00,11113.0,11111.0,CR022299-646
04/09/2024,324.09,11115.0,11112.0,CR022301-647
05/09/2024,396.00,11818.0,11111.0,CR022304-648
05/09/2024,-7.38,11818.0,11111.0,CR022304-649
05/09/2024,400.00,11112.0,11111.0,CR022322-650
09/09/2024,2000.00,11113.0,11111.0,CR022326-651
09/09/2024,100.00,11112.0,11111.0,CR022327-652
11/09/2024,400.00,11112.0,11111.0,CR022347-653
11/09/2024,318.68,11115.0,11112.0,CR022349-654
11/09/2024,302.47,11115.0,11112.0,CR022351-655
16/09/2024,40000.00,11113.0,11111.0,CR022387-656
18/09/2024,100.00,11112.0,11111.0,CR022406-657
22/09/2024,440.00,11818.0,11111.0,CR022421-658
22/09/2024,-8.17,11818.0,11111.0,CR022421-659
26/09/2024,704.00,11818.0,11111.0,CR022453-660
26/09/2024,-12.92,11818.0,11111.0,CR022453-661
26/09/2024,100.00,11112.0,11111.0,CR022481-662
30/09/2024,50000.00,11113.0,11111.0,CR022517-663
30/09/2024,200.00,11112.0,11111.0,CR022518-664
01/10/2024,2000.00,11112.0,11111.0,CR022534-665
01/10/2024,1000.00,11112.0,11111.0,CR022535-666
01/10/2024,2324.00,11815.0,11111.0,CR022543-667
02/10/2024,702.55,11115.0,11112.0,CR022542-668
07/10/2024,1850.00,11112.0,11111.0,CR022576-669
08/10/2024,852.50,11818.0,11111.0,CR022580-670
08/10/2024,-15.60,11818.0,11111.0,CR022580-671
09/10/2024,396.00,11818.0,11111.0,CR022592-672
09/10/2024,-7.38,11818.0,11111.0,CR022592-673
09/10/2024,200.00,11112.0,11111.0,CR022598-674
09/10/2024,1481.08,11115.0,11112.0,CR022600-675
10/10/2024,852.50,11818.0,11111.0,CR022603-676
10/10/2024,742.50,11818.0,11111.0,CR022603-677
10/10/2024,742.50,11818.0,11111.0,CR022603-678
10/10/2024,-15.60,11818.0,11111.0,CR022603-679
10/10/2024,-13.62,11818.0,11111.0,CR022603-680
10/10/2024,-13.62,11818.0,11111.0,CR022603-681
10/10/2024,329.49,11115.0,11112.0,CR022613-682
10/10/2024,1378.35,11115.0,11112.0,CR022615-683
11/10/2024,1000.00,11112.0,11111.0,CR022630-684
14/10/2024,198.00,11818.0,11111.0,CR022632-685
14/10/2024,-3.81,11818.0,11111.0,CR022632-686
14/10/2024,157.22,11115.0,11112.0,CR022644-687
15/10/2024,715.00,11818.0,11111.0,CR022633-688
15/10/2024,-13.12,11818.0,11111.0,CR022633-689
15/10/2024,45000.00,11113.0,11111.0,CR022655-690
16/10/2024,188.92,11115.0,11112.0,CR022665-691
17/10/2024,396.00,11818.0,11111.0,CR022637-692
17/10/2024,132.00,11818.0,11111.0,CR022637-693
17/10/2024,198.00,11818.0,11111.0,CR022637-694
17/10/2024,-2.63,11818.0,11111.0,CR022637-695
17/10/2024,-7.38,11818.0,11111.0,CR022637-696
17/10/2024,-3.81,11818.0,11111.0,CR022637-697
17/10/2024,226.78,11115.0,11112.0,CR022680-698
17/10/2024,264.62,11115.0,11112.0,CR022682-699
18/10/2024,113.23,11115.0,11112.0,CR022694-700
21/10/2024,145.67,11115.0,11112.0,CR022698-701
21/10/2024,1378.35,11115.0,11112.0,CR022700-702
23/10/2024,852.50,11818.0,11111.0,CR022709-703
23/10/2024,-15.60,11818.0,11111.0,CR022709-704
28/10/2024,1000.00,11112.0,11111.0,CR022746-705
28/10/2024,1378.35,11115.0,11112.0,CR022748-706
29/10/2024,1500.00,11112.0,11111.0,CR022753-707
29/10/2024,151.08,11115.0,11112.0,CR022755-708
30/10/2024,1156.69,11115.0,11112.0,CR022772-709
30/10/2024,480.88,11115.0,11112.0,CR022774-710
31/10/2024,715.00,11818.0,11111.0,CR022776-711
31/10/2024,-13.12,11818.0,11111.0,CR022776-712
31/10/2024,50000.00,11113.0,11111.0,CR022793-713
01/11/2024,738.23,11115.0,11112.0,CR022810-714
04/11/2024,440.00,11818.0,11111.0,CR022813-715
04/11/2024,-8.17,11818.0,11111.0,CR022813-716
04/11/2024,0.35,11115.0,11112.0,CR022821-717
06/11/2024,1787.50,11818.0,11111.0,CR022829-718
06/11/2024,198.00,11818.0,11111.0,CR022829-719
06/11/2024,-3.81,11818.0,11111.0,CR022829-720
06/11/2024,-32.43,11818.0,11111.0,CR022829-721
06/11/2024,480.88,11115.0,11112.0,CR022842-722
06/11/2024,232.18,11115.0,11112.0,CR022844-723
11/11/2024,797.50,11818.0,11111.0,CR022869-724
11/11/2024,-14.61,11818.0,11111.0,CR022869-725
14/11/2024,45000.00,11113.0,11111.0,CR022902-726
14/11/2024,80.79,11115.0,11112.0,CR022904-727
17/11/2024,198.00,11818.0,11111.0,CR022905-728
17/11/2024,-3.81,11818.0,11111.0,CR022905-729
19/11/2024,825.00,11818.0,11111.0,CR022923-730
19/11/2024,-15.10,11818.0,11111.0,CR022923-731
19/11/2024,100.00,11113.0,11111.0,CR022926-732
21/11/2024,140.27,11115.0,11112.0,CR022949-733
21/11/2024,253.80,11115.0,11112.0,CR022951-734
22/11/2024,5000.00,11112.0,11111.0,CR022960-735
22/11/2024,9812.49,11115.0,11112.0,CR022962-736
24/11/2024,467.50,11818.0,11111.0,CR022952-737
24/11/2024,-8.67,11818.0,11111.0,CR022952-738
26/11/2024,2000.00,11113.0,11111.0,CR022977-739
27/11/2024,1512.50,11818.0,11111.0,CR022978-740
27/11/2024,396.00,11818.0,11111.0,CR022978-741
27/11/2024,-27.48,11818.0,11111.0,CR022978-742
27/11/2024,-7.38,11818.0,11111.0,CR022978-743
27/11/2024,500.00,11113.0,11111.0,CR022988-744
29/11/2024,60500.00,11113.0,11111.0,CR023023-745
01/12/2024,440.00,11818.0,11111.0,CR023005-746
01/12/2024,-8.17,11818.0,11111.0,CR023005-747
02/12/2024,467.50,11818.0,11111.0,CR023024-748
02/12/2024,-8.67,11818.0,11111.0,CR023024-749
02/12/2024,396.00,11818.0,11111.0,CR023025-750
02/12/2024,-7.38,11818.0,11111.0,CR023025-751
02/12/2024,140.27,11115.0,11112.0,CR023032-752
04/12/2024,467.50,11818.0,11111.0,CR023051-753
04/12/2024,-8.67,11818.0,11111.0,CR023051-754
04/12/2024,1000.00,11113.0,11111.0,CR023061-755
05/12/2024,797.50,11818.0,11111.0,CR023063-756
05/12/2024,577.50,11818.0,11111.0,CR023063-757
05/12/2024,605.00,11818.0,11111.0,CR023063-758
05/12/2024,-10.65,11818.0,11111.0,CR023063-759
05/12/2024,-14.61,11818.0,11111.0,CR023063-760
05/12/2024,-11.14,11818.0,11111.0,CR023063-761
05/12/2024,145.67,11115.0,11112.0,CR023080-762
08/12/2024,440.00,11818.0,11111.0,CR023084-763
08/12/2024,-8.17,11818.0,11111.0,CR023084-764
09/12/2024,198.00,11818.0,11111.0,CR023095-765
09/12/2024,440.00,11818.0,11111.0,CR023095-766
09/12/2024,440.00,11818.0,11111.0,CR023095-767
09/12/2024,-8.17,11818.0,11111.0,CR023095-768
09/12/2024,-8.17,11818.0,11111.0,CR023095-769
09/12/2024,-3.81,11818.0,11111.0,CR023095-770
09/12/2024,1900.00,11113.0,11111.0,CR023103-771
09/12/2024,600.00,11113.0,11111.0,CR023104-772
11/12/2024,253.80,11115.0,11112.0,CR023119-773
16/12/2024,44000.00,11113.0,11111.0,CR023156-774
22/12/2024,726.00,11818.0,11111.0,CR023188-775
22/12/2024,-13.32,11818.0,11111.0,CR023188-776
23/12/2024,253.80,11115.0,11112.0,CR023202-777
27/12/2024,1681.12,11115.0,11112.0,CR023212-778
30/12/2024,2000.00,11112.0,11111.0,CR023217-779
31/12/2024,49500.00,11113.0,11111.0,CR023224-780
02/01/2025,250.00,11113.0,11111.0,CR023237-781
06/01/2025,1500.00,11113.0,11111.0,CR023376-782
08/01/2025,396.00,11818.0,11111.0,CR023254-783
08/01/2025,-7.38,11818.0,11111.0,CR023254-784
10/01/2025,702.55,11115.0,11112.0,CR023292-785
13/01/2025,737.00,11818.0,11111.0,CR023293-786
13/01/2025,-13.52,11818.0,11111.0,CR023293-787
15/01/2025,43000.00,11113.0,11111.0,CR023329-788
15/01/2025,2000.00,11113.0,11111.0,CR023330-789
15/01/2025,151.08,11115.0,11112.0,CR023332-790
17/01/2025,1500.00,11113.0,11111.0,CR023364-791
17/01/2025,702.55,11115.0,11112.0,CR023366-792
20/01/2025,16192.00,11818.0,11111.0,CR023367-793
20/01/2025,-291.71,11818.0,11111.0,CR023367-794
20/01/2025,3000.00,11113.0,11111.0,CR023372-795
22/01/2025,140.27,11115.0,11112.0,CR023389-796
24/01/2025,2000.00,11113.0,11111.0,CR023426-797
26/01/2025,440.00,11818.0,11111.0,CR023419-798
26/01/2025,-8.17,11818.0,11111.0,CR023419-799
28/01/2025,3000.00,11113.0,11111.0,CR023434-800
28/01/2025,250.00,11112.0,11111.0,CR023435-801
28/01/2025,837.70,11115.0,11112.0,CR023437-802
28/01/2025,367.34,11115.0,11112.0,CR023439-803
30/01/2025,500.00,11112.0,11111.0,CR023468-804
31/01/2025,50000.00,11113.0,11111.0,CR023469-805
03/02/2025,440.00,11818.0,11111.0,CR023484-806
03/02/2025,-8.17,11818.0,11111.0,CR023484-807
03/02/2025,600.00,11112.0,11111.0,CR023487-808
05/02/2025,440.00,11818.0,11111.0,CR023490-809
05/02/2025,1039.50,11818.0,11111.0,CR023490-810
05/02/2025,440.00,11818.0,11111.0,CR023490-811
05/02/2025,-8.17,11818.0,11111.0,CR023490-812
05/02/2025,-18.96,11818.0,11111.0,CR023490-813
05/02/2025,-8.17,11818.0,11111.0,CR023490-814
06/02/2025,1378.35,11115.0,11112.0,CR023526-815
06/02/2025,2156.89,11115.0,11112.0,CR023528-816
07/02/2025,188.92,11115.0,11112.0,CR023561-817
12/02/2025,687.50,11818.0,11111.0,CR023562-818
12/02/2025,-12.63,11818.0,11111.0,CR023562-819
12/02/2025,1162.09,11115.0,11112.0,CR023572-820
14/02/2025,44500.00,11113.0,11111.0,CR023610-821
16/02/2025,742.50,11818.0,11111.0,CR023600-822
16/02/2025,-13.62,11818.0,11111.0,CR023600-823
17/02/2025,742.50,11818.0,11111.0,CR023613-824
17/02/2025,632.50,11818.0,11111.0,CR023613-825
17/02/2025,-13.62,11818.0,11111.0,CR023613-826
17/02/2025,-11.64,11818.0,11111.0,CR023613-827
18/02/2025,1017.50,11818.0,11111.0,CR023623-828
18/02/2025,-18.57,11818.0,11111.0,CR023623-829
19/02/2025,880.00,11818.0,11111.0,CR023627-830
19/02/2025,396.00,11818.0,11111.0,CR023627-831
19/02/2025,-7.38,11818.0,11111.0,CR023627-832
21/02/2025,15489.32,11115.0,11112.0,CR023686-833
21/02/2025,4000.00,11112.0,11111.0,CR023687-834
21/02/2025,2000.00,11112.0,11111.0,CR023688-835
23/02/2025,654.50,11818.0,11111.0,CR023666-836
23/02/2025,-12.03,11818.0,11111.0,CR023666-837
25/02/2025,440.00,11818.0,11111.0,CR023695-838
25/02/2025,-8.17,11818.0,11111.0,CR023695-839
25/02/2025,253.80,11115.0,11112.0,CR023701-840
26/02/2025,367.34,11115.0,11112.0,CR023711-841
27/02/2025,5000.00,11112.0,11111.0,CR023727-842
27/02/2025,291.65,11115.0,11112.0,CR023729-843
27/02/2025,378.16,11115.0,11112.0,CR023731-844
28/02/2025,49500.00,11113.0,11111.0,CR023752-845
04/03/2025,577.50,11818.0,11111.0,CR023754-846
04/03/2025,-10.65,11818.0,11111.0,CR023754-847
07/03/2025,1000.00,11112.0,11111.0,CR023785-848
10/03/2025,1378.35,11115.0,11112.0,CR023831-849
11/03/2025,140.27,11115.0,11112.0,CR023829-850
12/03/2025,253.80,11115.0,11112.0,CR023835-851
12/03/2025,151.08,11115.0,11112.0,CR023836-852
12/03/2025,1827.10,11115.0,11112.0,CR023837-853
13/03/2025,1012.00,11818.0,11111.0,CR023801-854
13/03/2025,-18.47,11818.0,11111.0,CR023801-855
13/03/2025,140.27,11115.0,11112.0,CR023839-856
14/03/2025,40000.00,11113.0,11111.0,CR023814-857
14/03/2025,215.96,11115.0,11112.0,CR023841-858
17/03/2025,3000.00,11112.0,11111.0,CR023844-859
18/03/2025,154.00,11818.0,11111.0,CR023846-860
18/03/2025,-3.02,11818.0,11111.0,CR023846-861
21/03/2025,556.57,11115.0,11112.0,CR023889-862
23/03/2025,440.00,11818.0,11111.0,CR023875-863
23/03/2025,-8.17,11818.0,11111.0,CR023875-864
24/03/2025,1000.00,11112.0,11111.0,CR023896-865
25/03/2025,6930.00,11818.0,11111.0,CR023898-866
25/03/2025,-124.99,11818.0,11111.0,CR023898-867
26/03/2025,3000.00,11113.0,11111.0,CR023914-868
26/03/2025,140.27,11115.0,11112.0,CR023916-869
27/03/2025,253.80,11115.0,11112.0,CR023935-870
31/03/2025,50000.00,11113.0,11111.0,CR023956-871
01/04/2025,1859.54,11115.0,11112.0,CR023965-872
02/04/2025,161.90,11115.0,11112.0,CR023970-873
06/04/2025,495.00,11818.0,11111.0,CR023989-874
06/04/2025,-9.16,11818.0,11111.0,CR023989-875
07/04/2025,2156.89,11115.0,11112.0,CR024013-876
08/04/2025,372.75,11115.0,11112.0,CR024020-877
08/04/2025,1594.61,11115.0,11112.0,CR024022-878
11/04/2025,400.00,11112.0,11111.0,CR024071-879
13/04/2025,374.00,11818.0,11111.0,CR024057-880
13/04/2025,-6.98,11818.0,11111.0,CR024057-881
14/04/2025,869.00,11818.0,11111.0,CR024073-882
14/04/2025,-15.89,11818.0,11111.0,CR024073-883
14/04/2025,45000.00,11113.0,11111.0,CR024080-884
16/04/2025,999.90,11115.0,11112.0,CR024110-885
17/04/2025,440.00,11818.0,11111.0,CR024111-886
17/04/2025,-8.17,11818.0,11111.0,CR024111-887
17/04/2025,275.43,11115.0,11112.0,CR024142-888
22/04/2025,4000.00,11113.0,11111.0,CR024150-889
22/04/2025,800.00,11112.0,11111.0,CR024151-890
22/04/2025,2297.46,11115.0,11112.0,CR024153-891
23/04/2025,2000.00,11112.0,11111.0,CR024162-892
23/04/2025,1578.40,11115.0,11112.0,CR024164-893
30/04/2025,50000.00,11113.0,11111.0,CR024211-894
01/05/2025,5000.00,11112.0,11111.0,CR024225-895
09/05/2025,272.18,11115.0,11112.0,CR024344-896
15/05/2025,45000.00,11113.0,11111.0,CR024310-897
15/05/2025,459.25,11115.0,11112.0,CR024346-898
15/05/2025,1594.61,11115.0,11112.0,CR024348-899
16/05/2025,2000.00,11112.0,11111.0,CR024336-900
19/05/2025,3000.00,11112.0,11111.0,CR024340-901
19/05/2025,3000.00,11113.0,11111.0,CR024341-902
19/05/2025,5752.22,11115.0,11112.0,CR024350-903
21/05/2025,5000.00,11112.0,11111.0,CR024356-904
21/05/2025,9784.92,11115.0,11112.0,CR024358-905
21/05/2025,199.74,11115.0,11112.0,CR024360-906
22/05/2025,702.55,11115.0,11112.0,CR024375-907
22/05/2025,1751.41,11115.0,11112.0,CR024377-908
22/05/2025,1594.61,11115.0,11112.0,CR024379-909
22/05/2025,221.36,11115.0,11112.0,CR024381-910
23/05/2025,275.43,11115.0,11112.0,CR024395-911
23/05/2025,1594.61,11115.0,11112.0,CR024397-912
23/05/2025,702.55,11115.0,11112.0,CR024399-913
28/05/2025,836.00,11818.0,11111.0,CR024413-914
28/05/2025,-15.30,11818.0,11111.0,CR024413-915
28/05/2025,480.88,11115.0,11112.0,CR024421-916
29/05/2025,3000.00,11112.0,11111.0,CR024436-917
29/05/2025,1859.54,11115.0,11112.0,CR024438-918
29/05/2025,12867.17,11115.0,11112.0,CR024440-919
30/05/2025,55000.00,11113.0,11111.0,CR024465-920
02/06/2025,869.00,11818.0,11111.0,CR024466-921
02/06/2025,-15.89,11818.0,11111.0,CR024466-922
02/06/2025,2156.89,11115.0,11112.0,CR024477-923
02/06/2025,64.58,11115.0,11112.0,CR024479-924
02/06/2025,270.03,11115.0,11112.0,CR024481-925
04/06/2025,405.18,11115.0,11112.0,CR024501-926
04/06/2025,470.06,11115.0,11112.0,CR024503-927
06/06/2025,1378.35,11115.0,11112.0,CR024534-928
09/06/2025,1500.00,11112.0,11111.0,CR024540-929
11/06/2025,1378.35,11115.0,11112.0,CR024554-930
12/06/2025,729.57,11115.0,11112.0,CR024575-931
15/06/2025,715.00,11818.0,11111.0,CR024578-932
15/06/2025,-13.12,11818.0,11111.0,CR024578-933
15/06/2025,2189.00,11818.0,11111.0,CR024579-934
15/06/2025,-39.65,11818.0,11111.0,CR024579-935
16/06/2025,550.00,11818.0,11111.0,CR024597-936
16/06/2025,-10.15,11818.0,11111.0,CR024597-937
16/06/2025,990.00,11818.0,11111.0,CR024598-938
16/06/2025,-18.07,11818.0,11111.0,CR024598-939
16/06/2025,45000.00,11113.0,11111.0,CR024605-940
16/06/2025,12515.74,11115.0,11112.0,CR024607-941
